create schema WORKSPACE; 
use WORKSPACE;
CREATE TABLE USER (
USER_ID int NOT NULL, 
FIRST_NAME varchar(50) NOT NULL, 
LAST_NAME varchar(50) NOT NULL, 
PHONE_NO VARCHAR(50),
Company_Name VARCHAR(50),
email_id varchar(50),
PRIMARY KEY (USER_ID)
);

CREATE TABLE ACCOUNT (
ACCOUNT_ID int NOT NULL,
PASSWORD varchar(20),
PRIMARY KEY (ACCOUNT_ID)
);
ALTER TABLE ACCOUNT ADD USER_ID INT;
ALTER TABLE ACCOUNT 
ADD FOREIGN KEY (USER_ID) 
REFERENCES USER(USER_ID);

CREATE TABLE Workspace (
WS_ID int NOT NULL,
WS_NAME varchar(50),
AREA varchar(50),
LOCATION varchar(50),
COUNTRY varchar(20),
PRIMARY KEY (WS_ID)
);
ALTER TABLE WORKSPACE ADD ACCOUNT_ID INT;
ALTER TABLE WORKSPACE 
ADD FOREIGN KEY (ACCOUNT_ID) 
REFERENCES ACCOUNT(ACCOUNT_ID);


CREATE TABLE Building (
B_NUMBER varchar(5) not null,
B_NAME varchar(20),
PRIMARY KEY (B_NUMBER)
);
ALTER TABLE BUILDING ADD WS_ID INT;
ALTER TABLE BUILDING 
ADD FOREIGN KEY (WS_ID) 
REFERENCES WORKSPACE(WS_ID);

ALTER TABLE BUILDING MODIFY B_NUMBER VARCHAR(20);
ALTER TABLE BUILDING MODIFY B_NAME VARCHAR(100);

CREATE TABLE ROOM(
ROOM_ID varchar(10) not null,
ROOM_TYPE varchar(100),
FLOOR_NO int,
UTILITIES varchar(40),
CAPACITY int,
STATUS varchar(10),
B_NUMBER VARCHAR(20),
FOREIGN KEY (B_NUMBER) REFERENCES BUILDING(B_NUMBER),
PRIMARY KEY (ROOM_ID,B_NUMBER)
);



CREATE TABLE BOOKING (
BOOKING_ID int not null,
DATE date,
START_TIME time,
END_TIME time,
PRICEPERHR varchar(10),
PRIMARY KEY (BOOKING_ID)
);
ALTER TABLE BOOKING ADD ACCOUNT_ID INT;
ALTER TABLE BOOKING 
ADD FOREIGN KEY (ACCOUNT_ID) 
REFERENCES ACCOUNT(ACCOUNT_ID);

ALTER TABLE BOOKING ADD PAYMENT_ID INT;
ALTER TABLE BOOKING 
ADD FOREIGN KEY (PAYMENT_ID) 
REFERENCES PAYMENT(PAYMENT_ID);

CREATE TABLE PAYMENT (
PAYMENT_ID int not null,
AMOUNT varchar(20),
DATE date,
PAYMENT_TYPE varchar(30),
STATUS varchar(20),
PRIMARY KEY (PAYMENT_ID)
);

INSERT INTO USER VALUES (1354,'Neville Pratt','Keaton Kinney','1-858-471-2694','Sed Hendrerit Inc.','neque.sed@aol.ca'),
	(3030,'Walter Bowman','Brianna Stokes','1-528-804-2017','Mollis Institute','ullamcorper@yahoo.net'),
	(9198,'Nevada Carlson','Riley Burke','(431) 822-7871','Libero Proin Limited','mauris.eu.turpis@google.edu'),
	(3844,'Evelyn Le','Amethyst Kline','(366) 790-7702','Et Pede PC','sed.pede@protonmail.couk'),
	(3055,'Kim Hays','Oliver Ballard','(530) 548-1707','Non Associates','dui@google.com'),
	(5443,'Holmes Copeland','Illana Espinoza','1-354-424-3874','Est Nunc Corporation','at.lacus.quisque@icloud.org'),
	(1483,'Dorothy Anthony','Porter Harding','1-465-701-1344','Gravida Associates','libero.dui.nec@yahoo.edu'),
	(6430,'Jocelyn Thornton','Samson Manning','(536) 871-1429','Pede Associates','consectetuer.adipiscing@hotmail.com'),
	(7592,'Melinda Pickett','Jessamine Shepard','1-857-636-5819','Sed PC','faucibus.leo.in@aol.edu'),
	(6761,'Jennifer Nunez','Hammett Forbes','(435) 247-4658','Non Dapibus Incorporated','vitae.velit@outlook.net'),
	(4620,'Prescott Branch','Lael Leonard','1-258-469-9086','Quisque Tincidunt Limited','consectetuer.adipiscing@outlook.ca'),
	(9069,'Quamar Walls','Hashim Fields','(252) 305-2454','Bibendum Sed Incorporated','tincidunt@google.ca'),
	(9622,'Lani Caldwell','David Holder','(824) 739-3147','Est Congue Associates','sed.molestie@hotmail.net'),
	(9353,'Hunter Flowers','Lara Ayala','(896) 833-8777','A Incorporated','fringilla.porttitor.vulputate@yahoo.com'),
	(2183,'Regina Sanchez','Stacy Farmer','(718) 803-3462','In Limited','hendrerit@outlook.couk'),
	(2361,'Peter Malone','Yasir Carrillo','(482) 185-2081','Ut Ipsum Industries','non.lorem@aol.edu'),
	(1917,'Elliott Humphrey','Todd Clemons','(855) 851-7124','Nulla Cras Corp.','sed.et@icloud.net'),
	(3314,'Erica Cote','Knox Reid','(334) 467-1902','Rhoncus Id LLP','nec.enim@google.couk'),
	(8655,'Arthur Forbes','Uta Wade','1-647-363-7939','Ullamcorper Velit In Industries','nullam.velit.dui@outlook.net'),
	(1601,'Clio Higgins','Jaime George','1-611-272-8385','Ante Dictum LLP','scelerisque.sed.sapien@hotmail.net'),
	(8910,'Aaron Ratliff','James Jimenez','(297) 850-2768','Enim LLP','interdum.ligula.eu@yahoo.com'),
	(8673,'Evelyn Talley','Chase Harmon','(980) 355-6557','Sed Sapien Limited','aliquam@hotmail.org'),
	(1364,'Sybill Kent','Logan Chandler','1-472-289-2142','Vulputate Ullamcorper Magna LLP','neque.non@icloud.org'),
	(7506,'Hanna Rosa','Rina Jacobs','(552) 436-5014','Quis Lectus Incorporated','vehicula.et@yahoo.com'),
	(4179,'Shafira Albert','Garrett Johns','1-304-753-7108','Semper Cursus Foundation','ligula.aliquam@yahoo.couk'),
	(8124,'Jameson Mendoza','Jonas Rodriguez','1-313-204-9634','Pellentesque Tincidunt Institute','etiam.bibendum.fermentum@icloud.ca'),
	(4231,'Sydnee Mcgowan','Yoko Preston','(776) 810-3726','Eu Dui Inc.','non@outlook.org'),
	(4582,'Mira Sargent','Barbara Vaughn','1-381-765-9374','Semper LLC','fusce.mi.lorem@yahoo.net'),
	(4474,'Seth Wagner','Dacey Blankenship','1-554-635-5193','In Sodales Incorporated','eu.tellus@protonmail.org'),
	(4999,'Aquila Key','Erin Sandoval','1-583-432-7668','Morbi Tristique Ltd','pede.suspendisse@outlook.couk'),
	(6097,'Kasimir David','Rina Byers','1-983-882-1324','Amet Risus Company','curabitur@hotmail.org'),
	(6487,'Nevada Thornton','Harper Sullivan','(703) 543-5605','Lectus PC','orci.ut@hotmail.org'),
	(9488,'Remedios Coffey','Shaine Jones','1-254-803-7967','In Faucibus Corp.','in@google.couk'),
	(3001,'Elton Graves','Rajah Mercado','1-658-812-9875','Maecenas Mi Inc.','vel.venenatis.vel@aol.edu'),
	(9923,'Adara Gates','Dominic Francis','(218) 198-1082','Tempus Mauris Limited','proin.vel@outlook.edu'),
	(7827,'Katell Wall','Palmer Wyatt','1-551-241-8630','Luctus Vulputate Ltd','eget.ipsum@google.org'),
	(1131,'Gisela Peters','Chadwick Greene','1-722-758-5718','Tincidunt Donec Company','a.odio@outlook.ca'),
	(5640,'Victor Haley','Yoshio Giles','(847) 506-4304','Pede Ltd','metus.aliquam@outlook.com'),
	(9762,'Zephr Whitehead','Tad Buchanan','(472) 774-2139','Etiam Vestibulum Ltd','aliquet.odio@aol.com'),
	(6582,'Cassidy Hebert','Destiny Holland','1-886-244-8706','Non Leo LLP','amet.ultricies.sem@yahoo.org'),
	(2627,'Ulla Vance','Avram Hernandez','1-958-441-4871','Interdum Nunc LLP','ante@protonmail.org'),
	(6592,'Hadassah Page','Minerva Livingston','(941) 748-8612','Dapibus Limited','faucibus.lectus@hotmail.ca'),
	(8835,'Kaseem Melton','Cassandra Blevins','(285) 640-1132','Penatibus Et Foundation','ac.tellus@hotmail.couk'),
	(6958,'Scott Bruce','Ursa Cochran','(739) 254-7166','Diam Sed Company','lorem@protonmail.org'),
	(2485,'Kenneth Alston','Clio Ross','(876) 750-1065','Diam Luctus LLC','iaculis.aliquet@google.com'),
	(1177,'Wesley Conner','Rhiannon Roman','1-577-644-7559','Lacus Ut Associates','vitae@outlook.couk'),
	(8383,'Priscilla Graves','Elmo Cote','1-748-745-6448','Imperdiet Ornare In Associates','elit.elit@google.ca'),
	(6454,'Sierra Suarez','Jackson Stevens','1-605-224-1810','Vitae Industries','donec.fringilla.donec@aol.edu'),
	(5444,'Myles Emerson','Lee Craig','1-165-240-1317','Urna Et LLC','diam.dictum@yahoo.net'),
	(7556,'Shay Woodward','Barbara Fernandez','(977) 455-7897','Parturient Montes Nascetur Inc.','lorem@outlook.ca'),
	(6696,'Giacomo Watts','Ian Wells','(453) 556-6643','Enim Corp.','luctus.ut@yahoo.com'),
	(2639,'Shelley Austin','Debra Michael','(637) 333-3367','Ornare Fusce Mollis LLC','ornare.in@protonmail.edu'),
	(5827,'Geraldine Goodman','Aidan Burgess','(871) 676-4445','Sed Sapien Consulting','ultrices.iaculis.odio@yahoo.com'),
	(5002,'Ignatius Hampton','Yeo Delaney','(856) 858-8208','Suspendisse Inc.','neque.pellentesque@outlook.net'),
	(5950,'Axel Barton','Merrill Foley','(546) 870-9738','Quam LLC','fusce@icloud.ca'),
	(7052,'Chadwick Rose','Lydia Cash','(376) 880-4171','Mi Felis Adipiscing Foundation','nulla.at@aol.com'),
	(7828,'Leandra Hicks','Drake Whitaker','1-271-367-9457','Convallis Dolor LLP','est.nunc@icloud.couk'),
	(6389,'Aileen Baker','Oliver Caldwell','1-344-456-6833','Orci Donec Company','mollis.non@hotmail.edu'),
	(4557,'Lee Joyner','Frances Boyer','1-344-647-8477','Semper Egestas Urna Corporation','cras.sed@yahoo.edu'),
	(6051,'Tanek Peck','Shoshana Wilcox','1-516-568-3009','Ac Institute','ultricies.sem@protonmail.edu'),
	(3058,'Maite Cote','Talon Simon','1-259-541-1157','Laoreet Lectus LLC','mollis.dui@google.couk'),
	(1065,'Channing Keith','Zeus Allen','(398) 437-5320','Aliquam Incorporated','ac@yahoo.ca');
    
INSERT INTO ACCOUNT VALUES (5217473,'THI10NLT6NZ',1354),
	(8595269,'KOT33RUW1CA',3030),
	(5085158,'FCD33EEM8MT',9198),
	(7435620,'LKO35KFG8QB',3844),
	(5219397,'PCY35BLL8LT',3055),
	(6520923,'QHH23XYY8TL',5443),
	(6757340,'FOC13IHP8HO',1483),
	(2720977,'BVR43GFS1MJ',6430),
	(5903235,'BDY71FTX9IU',7592),
	(4435470,'VPM17XDW4HX',6761),
	(9998556,'XQV42KBQ9KR',4620),
	(5630322,'PVJ85KCJ2XF',9069),
	(8565961,'INW21JVW1PR',9622),
	(4291129,'NXU81WCT8UN',9353),
	(2769160,'ODY43JLN8WA',2183),
	(1728678,'SIW61MKU7NN',2361),
	(3065099,'HUT77CTO8DE',1917),
	(4950051,'BWL61VAK8NV',3314),
	(3285850,'KFI79EVH4SN',8655),
	(1965763,'SFH85XXP7UG',1601),
	(7880268,'JIP36USW2QH',8910),
	(1886989,'XYU86BKP8RY',8673),
	(7871751,'CSW82IIJ3LF',1364),
	(8047997,'SNA85OFS8UC',7506),
	(5457543,'OEF38IOE4OM',4179),
	(7913715,'EQQ20DDX7UQ',8124),
	(6413101,'EAR33JQS2HL',4231),
	(8949545,'BWN91KER1YB',4582),
	(4504534,'JDV56WIB0TN',4474),
	(7023271,'TDH87SSZ7NO',4999),
	(2061717,'BVR80SQA1JY',6097),
	(3393678,'AID14RTV1TJ',6487),
	(3515297,'TGS01OWP3SH',9488),
	(4184880,'BCN17PXC8KE',3001),
	(6841008,'DUR85IGP3XI',9923),
	(6261857,'PWP14JSW7ED',7827),
	(1484286,'OJJ77HTN6YE',1131),
	(5472324,'IWM96DKV8LZ',5640),
	(5968196,'IAM34YFG1GK',9762),
	(6708800,'GGO74VWV8NM',6582),
	(3667730,'JUX26KBN6MT',2627),
	(2969445,'WTE11CQC2WI',6592),
	(5740636,'YSV38QMH0SU',8835),
	(9744488,'GBN75NFL6CP',6958),
	(8712297,'UJB33TBP8ND',2485),
	(9260785,'YQY40NFX3YI',1177),
	(1823169,'HUI59IRV1DE',8383),
	(8847524,'IDB75AOB6CO',6454),
	(5800323,'PYV56VRO8UF',5444),
	(4736823,'JFL56RXE1PX',7556);

INSERT INTO WORKSPACE VALUES (653,'penatibus','817-6114 Commodo St.','Ostrowiec Świętokrzyski','Singapore','5217473'),
	(137,'est.','397-3814 A, Avenue','Borlänge','Belgium','8595269'),
	(982,'risus.','P.O. Box 116, 7663 Et, St.','Belfast','Australia','5085158'),
	(558,'interdum','Ap #818-9660 Nunc Av.','Museum','China','7435620'),
	(178,'sem','225-8978 Sollicitudin Road','Farsund','Philippines','5219397'),
	(661,'tincidunt','P.O. Box 832, 6513 Ut Ave','Arviat','India','6520923'),
	(921,'nunc.','Ap #967-8974 Mauris Ave','Jakarta','Philippines','6757340'),
	(608,'nonummy.','Ap #688-1243 Id, St.','Novena','Singapore','2720977'),
	(305,'in','Ap #879-4561 Eu, Ave','TrognŽe','Turkey','5903235'),
	(308,'ipsum','P.O. Box 422, 2065 Amet St.','Palembang','Colombia','4435470'),
	(272,'quis','Ap #209-899 Ac Av.','Río Verde','Brazil','9998556'),
	(775,'Suspendisse','852-1801 Sed Street','Swindon','Russian Federation','5630322'),
	(950,'Phasellus','7232 Euismod Street','Darwin','Peru','8565961'),
	(638,'semper','8104 Rutrum St.','Chortkiv','Philippines','4291129'),
	(380,'vitae','1141 Elit. Rd.','Chełm','United Kingdom','2769160'),
	(498,'accumsan','819-8541 Amet Av.','Homburg','Ireland','1728678'),
	(286,'Aenean','548 Sed Av.','Kech','Spain','3065099'),
	(881,'faucibus','991-5626 Dui Rd.','Vitrolles','Russian Federation','4950051'),
	(408,'egestas.','445-4888 Velit Av.','Ghotki','Philippines','3285850'),
	(593,'lacus.','807-5964 Magna Ave','Cheonan','Chile','1965763'),
	(196,'vel,','636-3443 Lorem, St.','Selkirk','United Kingdom','7880268'),
	(386,'in','2054 Consectetuer Avenue','Chihuahua','Brazil','1886989'),
	(714,'interdum.','380-777 Enim, Avenue','Cañas','Poland','7871751'),
	(467,'lorem,','Ap #305-9301 Mauris Street','Iquitos','Austria','8047997'),
	(279,'primis','Ap #526-8296 Eros Street','Hong Kong','Sweden','5457543'),
	(183,'est.','P.O. Box 372, 777 Nonummy St.','Pioneer','Pakistan','7913715'),
	(194,'condimentum.','268-8370 Non St.','Salamanca','Russian Federation','6413101'),
	(181,'vel','7856 Natoque Av.','Chiniot','South Korea','8949545'),
	(465,'orci','Ap #424-1150 Nunc St.','Osorno','South Korea','4504534'),
	(478,'Morbi','8699 Fusce Rd.','Ørsta','United States','7023271'),
	(668,'nec','Ap #323-1825 Est St.','Konya','South Africa','2061717'),
	(751,'ut,','P.O. Box 965, 8262 Turpis Road','Torgiano','Austria','3393678'),
	(696,'sapien,','Ap #602-3002 Tellus. Rd.','Jönköping','United States','3515297'),
	(120,'Vivamus','Ap #353-2990 Pellentesque Ave','Andernach','Singapore','4184880'),
	(415,'et','8368 Felis Road','Rustenburg','Sweden','6841008'),
	(969,'sollicitudin','501-9596 Posuere Ave','Washuk','Peru','6261857'),
	(138,'dui,','858-9783 Ligula. Avenue','Łomża','Ukraine','1484286'),
	(829,'non','624-4106 Ligula Av.','Rustenburg','China','5472324'),
	(997,'aliquet,','P.O. Box 372, 1828 In Avenue','Abeokuta','Nigeria','5968196'),
	(133,'cursus','Ap #142-8808 Malesuada. Ave','Haverhill','Ireland','6708800'),
	(501,'nec','Ap #976-5812 Tortor Rd.','Provost','Vietnam','3667730'),
	(199,'lorem,','992-6016 Eleifend Rd.','Tarnów','Germany','2969445'),
	(550,'sem','4262 Nulla. Avenue','San Zenone degli Ezzelini','France','5740636'),
	(603,'est','4031 Nullam St.','Omsk','Netherlands','9744488'),
	(145,'ut','Ap #792-4351 Gravida Av.','Katsina','Netherlands','8712297'),
	(427,'Suspendisse','583-8633 Quam Av.','El Retorno','Ireland','9260785'),
	(540,'quis','264-9924 Dui. Rd.','Tczew','Colombia','1823169'),
	(371,'justo','550-6399 Ullamcorper St.','Puerto Princesa','Poland','8847524'),
	(392,'Nam','836-8915 Diam Avenue','Presteigne','United Kingdom','5800323'),
	(470,'tincidunt,','587-1653 Malesuada Rd.','Bourges','New Zealand','4736823'),
	(720,'Cras','Ap #971-2817 Consequat St.','Diamer','Philippines','5217473'),
	(418,'ac','3588 Mattis Avenue','Latisana','Germany','8595269'),
	(867,'dui,','974-402 Nec, Road','Finspång','Pakistan','5085158'),
	(642,'Donec','590-4321 Et, Street','Oslo','Costa Rica','7435620'),
	(960,'Sed','P.O. Box 965, 3686 Imperdiet, Rd.','Lanark','Brazil','5219397'),
	(755,'sagittis','241-5794 In Rd.','Schwalbach','Russian Federation','6520923'),
	(453,'scelerisque','Ap #754-6360 Non Street','Kimberley','Mexico','6757340'),
	(912,'Sed','607-6213 Pede St.','Mường Lay','Sweden','2720977'),
	(716,'Quisque','Ap #472-6593 Id, St.','Tanjung Pinang','Philippines','5903235'),
	(709,'congue,','7771 Elit Road','Cork','New Zealand','4435470'),
	(742,'ligula','P.O. Box 145, 7517 Natoque Road','Rustenburg','China','9998556'),
	(557,'egestas','654-2123 Felis. Street','Tobermory','Ireland','5630322'),
	(293,'Nunc','562-8586 In Avenue','Leirvik','Italy','8565961'),
	(193,'Curabitur','230-1147 Aliquet Street','Mount Gambier','Pakistan','4291129'),
	(158,'ante','P.O. Box 453, 5318 Quisque St.','Girifalco','Sweden','2769160'),
	(986,'Cras','P.O. Box 825, 6788 Elementum, Rd.','Newark','Sweden','1728678'),
	(896,'dis','714-6470 Semper Rd.','Gimcheon','France','3065099'),
	(409,'non','Ap #449-611 Arcu. Rd.','Ville de Maniwaki','Indonesia','4950051'),
	(918,'at','P.O. Box 251, 8599 Feugiat Av.','Khmilnyk','Indonesia','3285850'),
	(789,'diam','965-4648 Sed Ave','Secunda','France','1965763'),
	(899,'ipsum.','Ap #226-8959 Montes, Rd.','Eyemouth','France','7880268'),
	(472,'est','4788 Ridiculus St.','Shaanxi','Belgium','1886989'),
	(776,'elit,','Ap #310-1725 Lectus. St.','Gia Nghĩa','Singapore','7871751'),
	(141,'nunc','7067 Vulputate, Avenue','Puno','United States','8047997'),
	(127,'Suspendisse','802 Arcu. Avenue','Walhain-Saint-Paul','Vietnam','5457543'),
	(632,'euismod','503-1519 Magna. Rd.','Antofagasta','Singapore','7913715'),
	(431,'diam.','3170 Neque. Rd.','Assen','Pakistan','6413101'),
	(904,'auctor','7956 Vel Rd.','Auldearn','Spain','8949545'),
	(357,'aliquet,','9275 Libero Rd.','Cali','South Africa','4504534'),
	(176,'lorem,','Ap #909-8834 Sagittis St.','Kongsvinger','Turkey','7023271'),
	(327,'leo.','Ap #194-4414 Vulputate Road','Zaria','Indonesia','2061717'),
	(208,'placerat,','Ap #434-8662 Amet, Rd.','Voronezh','Poland','3393678'),
	(568,'ornare,','9562 Sodales. Avenue','Sosnowiec','United States','3515297'),
	(883,'Duis','P.O. Box 192, 2687 Mus. Av.','Umlazi','Chile','4184880'),
	(433,'aliquet','5028 Accumsan Avenue','Straits View','Nigeria','6841008'),
	(596,'Duis','P.O. Box 912, 4740 Enim St.','Darwin','Ireland','6261857'),
	(363,'torquent','875-1416 Est, Rd.','Nuremberg','Germany','5968196'),
	(374,'neque.','743-3209 Duis Ave','Finspång','Pakistan','6708800'),
	(377,'Morbi','591-622 Mauris Road','Quimbaya','Norway','3667730'),
	(521,'orci','195-803 Eu St.','Ödemiş','Vietnam','2969445'),
	(961,'Donec','224-1329 Donec Rd.','Boo','Italy','5740636'),
	(610,'lacus.','Ap #735-2771 Est. St.','Pontianak','Poland','9744488'),
	(535,'blandit','P.O. Box 959, 6352 Quis Street','Montpellier','Peru','8712297'),
	(743,'turpis.','Ap #195-9633 Quisque Street','Nässjö','Brazil','9260785'),
	(276,'lacus.','Ap #135-3337 Sapien Rd.','Rio Verde','Sweden','1823169'),
	(356,'tempus','P.O. Box 693, 8037 Vitae Street','Yeosu','Canada','8847524'),
	(209,'ut','183-8423 A Rd.','Bauchi','China','5800323'),
	(836,'sed','7410 Mauris Avenue','Tehuacán','Germany','5217473'),
	(214,'Lorem','Ap #118-3143 Nunc Street','Ilbono','Poland',8595269);

INSERT INTO PAYMENT VALUES
(56982,'$2,222.24','2021-11-30','GPay','Completed'),
(56983,'$301.62','2021-11-30','Credit Card','Pending'),
(56984,'$1,387.40',	'2021-11-30','Credit Card','Completed'),
(56985,'$180.70','2021-12-30','Paypal','Completed'),
(56986,'$2,311.77','2021-11-30','Paypal','Pending'),
(56987,'$1,785.24','2021-11-30','Debit Card','Completed'),
(56988,'$1,555.65','2022-03-31','Apple Pay','Completed');
    
INSERT INTO PAYMENT VALUES (56789,'$1,039.92','2021-05-13','Apple Pay','Completed'),
(56790,'$2,399.09','2021-08-13','Credit Card','Completed'),
(56791,'$1,219.06','2022-10-13','Paypal','Completed'),
(56792,'$2,309.89','2021-11-13','GPay','Completed'),
(56793,'$2,080.63','2022-11-13','Credit Card','Completed'),
(56794,'$886.11','2022-01-14','Credit Card','Completed'),
(56795,'$1,945.11','2022-01-14','GPay','Completed'),
(56796,'$1,343.82','2022-01-14','Apple Pay','Completed'),
(56799,'$152.07','2022-07-14','Apple Pay','Completed'),
(56800,'$446.02','2022-01-15','Apple Pay','Pending'),
(56801,'$1,577.18','2022-01-15','Credit Card','Completed'),
(56802,'$1,830.54','2022-02-15','GPay','Completed'),
(56803,'$1,315.76','2022-02-15','GPay','Completed'),
(56804,'$1,407.76','2022-02-15','Apple Pay','Completed'),
(56805,'$468.4','2022-02-15','Debit Card','Completed'),
(56806,'$301.64','2022-02-15','GPay','Completed'),
(56807,'$2,223.51','2021-03-15','Apple Pay','Completed'),
(56808,'$711.95','2021-03-15','GPay','Completed'),
(56809,'$770.29','2022-06-15','Credit Card','Completed'),
(56810,'$324.18','2022-06-15','Credit Card','Pending'),
(56811,'$1,179.25','2021-12-15','GPay','Completed'),
(56812,'$1,511.72','2021-12-15','GPay','Completed'),
(56813,'$367.15','2021-12-15','Apple Pay','Completed'),
(56814,'$2,326.07','2022-05-16','Debit Card','Completed'),
(56815,'$505.64','2022-05-16','Paypal','Completed'),
(56816,'$1,087.07','2022-06-16','Paypal','Completed'),
(56817,'$244.90','2022-10-16','Debit Card','Completed'),
(56818,'$69.15','2022-10-16','GPay','Completed'),
(56819,'$2,053.33','2022-10-16','Credit Card','Completed'),
(56820,'$64.31','2022-10-16','Debit Card','Completed'),
(56821,'$2,304.25','2022-10-16','GPay','Completed'),
(56822,'$1,726.16','2021-11-16','Credit Card','Completed'),
(56823,'$2,109.95','2022-01-17','Credit Card','Completed'),
(56824,'$365.67','2022-01-17','Apple Pay','Completed'),
(56825,'$415.23','2022-01-17','Credit Card','Completed'),
(56826,'$2,080.26','2022-10-17','Apple Pay','Completed'),
(56827,'$1,056.10','2021-07-18','Paypal','Completed'),
(56828,'$1,274.79','2021-07-18','Debit Card','Completed'),
(56829,'$652.89','2021-07-18','Apple Pay','Completed'),
(56830,'$1,852.71','2022-07-18','Credit Card','Completed'),
(56831,'$244.09','2022-08-18','Debit Card','Completed'),
(56832,'$1,438.04','2022-08-18','Apple Pay','Completed'),
(56833,'$1,795.30','2022-08-18','GPay','Completed'),
(56834,'$1,962.79','2021-10-18','Credit Card','Completed'),
(56835,'$936.32','2021-10-18','Debit Card','Completed'),
(56836,'$2,070.63','2022-01-19','Debit Card','Completed'),
(56837,'$2,264.52','2022-04-19','Apple Pay','Completed'),
(56838,'$2,386.62','2022-05-19','GPay','Completed'),
(56839,'$360.57','2022-05-19','Apple Pay','Completed'),
(56840,'$916.57','2022-05-19','Debit Card','Completed'),
(56841,'$20.91','2022-05-19','Apple Pay','Completed'),
(56842,'$1,003.01','2022-05-19','Debit Card','Completed'),
(56843,'$910.68','2022-05-19','Paypal','Completed'),
(56844,'$715.40','2021-06-19','Debit Card','Completed'),
(56845,'$769.83','2021-07-19','Credit Card','Completed'),
(56846,'$1,382.83','2021-07-19','GPay','Completed'),
(56847,'$815.54','2021-07-19','Debit Card','Completed'),
(56848,'$2,262.47','2022-09-19','GPay','Completed'),
(56849,'$2,353.35','2022-09-19','Debit Card','Completed'),
(56850,'$1,012.35','2022-10-19','Debit Card','Completed'),
(56851,'$874.06','2021-11-19','Debit Card','Completed'),
(56852,'$1,850.70','2021-11-19','GPay','Completed'),
(56853,'$2,239.25','2021-12-19','Credit Card','Completed'),
(56854,'$793.42','2021-02-20','Credit Card','Pending'),
(56855,'$2,115.72','2021-02-20','GPay','Completed'),
(56856,'$591.60','2021-02-20','Credit Card','Completed'),
(56857,'$731.73','2022-04-20','Credit Card','Completed'),
(56858,'$526.45','2022-04-20','Credit Card','Pending'),
(56859,'$187.72','2021-07-20','Paypal','Completed'),
(56860,'$1,270.01','2021-07-20','Debit Card','Completed'),
(56861,'$1,299.33','2021-08-20','Credit Card','Completed'),
(56862,'$1,965.43','2021-08-20','Apple Pay','Completed'),
(56863,'$1,919.20','2022-09-20','GPay','Completed'),
(56864,'$2,141.04','2022-09-20','Paypal','Completed'),
(56865,'$1,121.99','2022-10-20','Paypal','Completed'),
(56866,'$279.98','2022-10-20','Credit Card','Completed'),
(56867,'$1,223.51','2022-10-20','Debit Card','Completed'),
(56868,'$1,085.34','2021-11-20','GPay','Completed'),
(56869,'$912.41','2022-01-21','Credit Card','Completed'),
(56870,'$1,440.60','2021-02-21','GPay','Pending'),
(56871,'$1,914.84','2021-05-21','Debit Card','Pending'),
(56872,'$329.03','2021-05-21','GPay','Completed'),
(56873,'$1,552.97','2021-05-21','GPay','Completed'),
(56874,'$1,984.28','2022-05-21','GPay','Completed'),
(56875,'$176.29','2022-05-21','Debit Card','Completed'),
(56876,'$1,548.46','2021-06-21','Credit Card','Completed'),
(56877,'$926.23','2022-06-21','Paypal','Completed'),
(56878,'$593.21','2021-07-21','Apple Pay','Completed'),
(56879,'$411.27','2021-07-21','Credit Card','Completed'),
(56880,'$2,056.84','2021-08-21','GPay','Completed'),
(56881,'$295.39','2021-08-21','Apple Pay','Completed'),
(56882,'$1,682.24','2022-08-21','Debit Card','Completed'),
(56883,'$152.14','2022-08-21','GPay','Completed'),
(56884,'$190.55','2021-10-21','Paypal','Completed'),
(56885,'$1,518.78','2022-01-22','Apple Pay','Completed'),
(56886,'$1,413.35','2021-02-22','GPay','Pending'),
(56887,'$967.58','2022-03-22','Apple Pay','Completed'),
(56888,'$1,293.38','2022-03-22','Credit Card','Pending'),
(56889,'$352.82','2022-03-22','Paypal','Completed'),
(56890,'$80.50','2021-04-22','Apple Pay','Completed'),
(56891,'$1,052.92','2021-05-22','Credit Card','Completed'),
(56892,'$544.29','2021-05-22','GPay','Pending'),
(56893,'$2,098.12','2021-05-22','GPay','Completed'),
(56894,'$678.58','2021-05-22','GPay','Completed'),
(56895,'$1,802.50','2021-05-22','Paypal','Completed'),
(56896,'$1,440.05','2021-05-22','Apple Pay','Completed'),
(56897,'$139.97','2021-05-22','Paypal','Completed'),
(56898,'$2,235.15','2021-06-22','Apple Pay','Completed'),
(56899,'$920.87','2021-06-22','Credit Card','Completed'),
(56900,'$1,651.78','2022-06-22','Paypal','Pending'),
(56901,'$1,774.24','2022-07-22','Debit Card','Completed'),
(56902,'$975.1','2021-08-22','Apple Pay','Completed'),
(56903,'$913.34','2022-10-22','Apple Pay','Pending'),
(56904,'$879.32 ','2022-10-22  ','Paypal','Completed'),
(56905,'$1,334.03 ','2021-11-22  ','Debit Card','Completed'),
(56906,'$156.13 ','2022-11-22  ','GPay','Completed'),
(56907,'$2,014.31 ','2022-11-22  ','Debit Card','Completed'),
(56908,'$191.57 ','2021-07-23  ','Debit Card','Completed'),
(56909,'$2,387.69 ','2022-09-23  ','Debit Card','Completed'),
(56910,'$464.60 ','2022-09-23  ','Debit Card','Pending'),
(56911,'$791.26 ','2022-09-23  ','Paypal','Completed'),
(56912,'$1,062.51 ','2022-11-23  ','Paypal','Pending'),
(56913,'$1,540.45 ','2022-11-23  ','Debit Card','Completed'),
(56914,'$1,993.63 ','2021-12-23  ','Apple Pay','Completed'),
(56915,'$1,745.41 ','2021-12-23  ','Credit Card','Completed'),
(56916,'$2,205.51 ','2021-02-24  ','Paypal','Completed'),
(56917,'$1,619.54 ','2021-03-24  ','Debit Card','Completed'),
(56918,'$235.05 ','2021-05-24  ','Credit Card','Completed'),
(56919,'$371.35 ','2021-07-24  ','GPay','Completed'),
(56920,'$263.83 ','2021-07-24  ','Credit Card','Completed'),
(56921,'$2,230.77 ','2022-08-24  ','Apple Pay','Completed'),
(56922,'$1,719.73 ','2021-09-24  ','Credit Card','Completed'),
(56923,'$2,232.40 ','2021-09-24  ','Paypal','Completed'),
(56924,'$2,003.51 ','2021-09-24  ','Apple Pay','Completed'),
(56925,'$686.52 ','2021-09-24  ','Credit Card','Completed'),
(56926,'$2,052.84 ','2021-10-24  ','GPay','Pending'),
(56927,'$683.28 ','2021-10-24  ','GPay','Completed'),
(56928,'$1,508.33 ','2021-10-24  ','Debit Card','Completed'),
(56929,'$1,131.85 ','2021-11-24  ','Apple Pay','Completed'),
(56930,'$1,877.98 ','2021-12-24  ','Apple Pay','Completed'),
(56931,'$1,418.51 ','2021-12-24  ','Apple Pay','Completed'),
(56932,'$1,493.53 ','2022-01-25  ','GPay','Completed'),
(56933,'$13.30 ','2022-02-25  ','Credit Card','Completed'),
(56934,'$201.71 ','2022-02-25  ','Paypal','Completed'),
(56935,'$2,160.02 ','2021-04-25  ','GPay','Completed'),
(56936,'$180.79 ','2021-05-25  ','Debit Card','Completed'),
(56937,'$1,170.04 ','2021-05-25  ','GPay','Completed'),
(56938,'$220.58 ','2021-05-25  ','Paypal','Completed'),
(56939,'$2,279.42 ','2021-05-25  ','Apple Pay','Completed'),
(56940,'$1,449.88 ','2021-05-25  ','Paypal','Pending'),
(56941,'$1,413.58 ','2021-05-25  ','Credit Card','Completed'),
(56942,'$1,583.18 ','2022-05-25  ','Credit Card','Completed'),
(56943,'$2,074.13 ','2022-05-25  ','Credit Card','Completed'),
(56944,'$2,105.32 ','2022-07-25  ','GPay','Completed'),
(56945,'$1,808.45 ','2022-07-25  ','Apple Pay','Completed'),
(56946,'$2,163.94 ','2021-11-25  ','GPay','Completed'),
(56947,'$952.19 ','2022-03-26  ','Paypal','Completed'),
(56948,'$1,146.03 ','2021-05-26  ','Credit Card','Completed'),
(56949,'$1,155.72 ','2021-05-26  ','Credit Card','Completed'),
(56950,'$175.00 ','2021-10-26  ','Credit Card','Completed'),
(56951,'$1,614.83 ','2022-02-27  ','Paypal','Completed'),
(56952,'$601.56 ','2021-03-27  ','Apple Pay','Completed'),
(56953,'$2,386.26 ','2021-04-27  ','Credit Card','Completed'),
(56954,'$553.85 ','2021-06-27  ','Apple Pay','Pending'),
(56955,'$2,298.67 ','2021-06-27  ','Apple Pay','Completed'),
(56956,'$621.23 ','2021-06-27  ','Credit Card','Completed'),
(56957,'$1,882.31 ','2021-06-27  ','GPay','Completed'),
(56958,'$1,630.76 ','2021-06-27  ','Credit Card','Completed'),
(56959,'$125.63 ','2022-07-27  ','Credit Card','Completed'),
(56960,'$1,329.76 ','2021-09-27  ','Paypal','Completed'),
(56961,'$332.01 ','2021-09-27  ','Paypal','Completed'),
(56962,'$195.03 ','2021-09-27  ','Debit Card','Completed'),
(56963,'$2,349.52 ','2021-09-27  ','Credit Card','Completed'),
(56964,'$921.46 ','2021-10-27  ','Credit Card','Completed'),
(56965,'$1,941.77 ','2021-10-27  ','Debit Card','Completed'),
(56966,'$1,255.74 ','2021-11-27  ','Apple Pay','Completed'),
(56967,'$410.72 ','2022-04-28  ','Apple Pay','Completed'),
(56968,'$1,183.84 ','2022-04-28  ','Credit Card','Completed'),
(56969,'$181.54 ','2022-04-28  ','Paypal','Completed'),
(56970,'$970.29 ','2021-05-28  ','Apple Pay','Completed'),
(56971,'$1,187.20 ','2021-05-28  ','Apple Pay','Completed'),
(56972,'$1,170.46 ','2022-07-28  ','Debit Card','Completed'),
(56973,'$2,233.05 ','2021-07-29 ' ,'Apple Pay','Pending'),
(56974,'$342.00 ','2021-08-29  ','Credit Card','Completed'),
(56975,'$1,274.81 ','2022-09-29  ','Paypal','Completed'),
(56976,'$1,034.67 ','2021-11-29  ','GPay','Completed'),
(56977,'$162.27 ','2022-03-30  ','Credit Card','Completed'),
(56978,'$1,802.02 ','2022-03-30','Paypal','Completed'),
(56979,'$2,060.95 ','2022-04-30','Credit Card','Completed'),
(56980,'$1,902.64 ','2022-04-30','Apple Pay','Completed');

INSERT INTO BOOKING VALUES
	(617,'2021-11-29 00:00:00','16:55','0:13','$2,268.47 ',9998556,56799),
	(622,'2022-05-21 00:00:00','14:22','14:49','$1,355.89 ',5630322,56800),
	(627,'2022-05-21 00:00:00','17:40','22:38','$404.34 ',8565961,56801),
	(632,'2021-08-22 00:00:00','1:01','2:57','$1,698.68 ',4291129,56802),
	(637,'2021-11-25 00:00:00','3:13','15:33','$944.63 ',2769160,56803),
	(642,'2022-04-28 00:00:00','15:49','18:28','$1,938.98 ',1728678,56804),
	(647,'2021-03-15 00:00:00','6:14','9:52','$547.44 ',3065099,56805),
	(652,'2022-05-16 00:00:00','10:30','19:44','$1,835.41 ',4950051,56806),
	(657,'2022-05-16 00:00:00','5:38','13:13','$894.20 ',3285850,56807),
	(662,'2021-10-24 00:00:00','17:02','0:53','$516.23 ',1965763,56808),
	(667,'2021-10-24 00:00:00','13:42','16:51','$660.89 ',7880268,56809),
	(672,'2022-04-30 00:00:00','4:26','12:47','$1,478.83 ',1886989,56810),
	(677,'2022-04-30 00:00:00','4:44','0:52','$222.40 ',7871751,56811),
	(682,'2022-10-13 00:00:00','16:51','15:41','$2,000.50 ',8047997,56812),
	(687,'2021-03-24 00:00:00','8:19','10:04','$1,581.55 ',5457543,56813),
	(692,'2022-07-28 00:00:00','8:26','3:03','$747.03 ',7913715,56814),
	(697,'2022-04-14 00:00:00','7:21','1:12','$684.12 ',6413101,56815),
	(702,'2022-10-19 00:00:00','0:55','4:52','$854.99 ',8949545,56816),
	(707,'2021-09-27 00:00:00','9:06','5:22','$78.01 ',4504534,56817),
	(712,'2021-09-27 00:00:00','20:27','3:35','$364.41 ',7023271,56818),
	(717,'2021-07-29 00:00:00','23:55','19:19','$1,982.31 ',2061717,56819),
	(722,'2021-06-21 00:00:00','3:46','5:49','$1,945.83 ',3393678,56820),
	(727,'2022-06-22 00:00:00','10:43','21:40','$290.33 ',3515297,56821),
	(732,'2022-07-14 00:00:00','10:59','18:58','$1,239.32 ',4184880,56822),
	(737,'2021-10-26 00:00:00','2:09','20:24','$1,361.08 ',6841008,56823),
	(742,'2022-07-27 00:00:00','5:07','4:58','$1,133.92 ',6261857,56824),
	(747,'2021-04-27 00:00:00','17:17','1:49','$2,066.28 ',1484286,56825),
	(752,'2021-09-27 00:00:00','19:46','6:48','$378.24 ',5472324,56826),
	(757,'2022-01-21 00:00:00','21:00','15:55','$526.37 ',5968196,56827),
	(762,'2022-10-16 00:00:00','11:23','11:44','$2,317.34 ',6708800,56828),
	(767,'2022-10-16 00:00:00','5:55','2:15','$1,514.76 ',3667730,56829),
	(772,'2022-09-23 00:00:00','9:10','8:41','$759.73 ',2969445,56830),
	(777,'2021-10-27 00:00:00','22:38','9:24','$1,917.43 ',5740636,56831),
	(782,'2022-09-23 00:00:00','5:13','23:09','$780.37 ',9744488,56832),
	(787,'2021-12-19 00:00:00','21:45','0:12','$2,115.33 ',8712297,56833),
	(792,'2022-01-22 00:00:00','21:45','18:43','$2,043.91 ',9260785,56834),
	(797,'2022-09-23 00:00:00','9:11','18:04','$1,951.16 ',1823169,56835),
	(802,'2021-12-24 00:00:00','8:19','8:53','$1,294.41 ',8847524,56836),
	(807,'2022-10-16 00:00:00','19:17','10:46','$1,886.11 ',5800323,56837),
	(812,'2021-10-27 00:00:00','10:08','15:28','$1,463.25 ',4736823,56838),
	(817,'2022-02-27 00:00:00','22:39','17:37','$1,550.59 ',5217473,56839),
	(822,'2022-04-28 00:00:00','14:34','8:44','$796.33 ',8595269,56840),
	(827,'2022-04-28 00:00:00','1:44','22:21','$1,288.93 ',5085158,56841),
	(832,'2021-09-27 00:00:00','23:50','20:30','$928.66 ',7435620,56842),
	(837,'2022-03-22 00:00:00','5:15','4:24','$2,304.44 ',5219397,56843),
	(842,'2021-05-25 00:00:00','14:59','23:08','$2,174.14 ',6520923,56844),
	(847,'2022-03-22 00:00:00','8:56','1:38','$1,636.85 ',6757340,56845),
	(852,'2022-03-22 00:00:00','22:32','3:26','$1,007.90 ',2720977,56846),
	(857,'2021-05-25 00:00:00','17:55','10:41','$1,960.03 ',5903235,56847),
	(862,'2022-09-29 00:00:00','0:49','1:13','$1,303.82 ',4435470,56848),
	(867,'2021-10-21 00:00:00','13:49','1:41','$716.09 ',9998556,56849),
	(872,'2021-12-30 00:00:00','1:07','20:09','$1,414.04 ',5630322,56850),
	(877,'2021-03-15 00:00:00','22:03','8:58','$1,421.27 ',8565961,56851),
	(882,'2021-10-18 00:00:00','8:49','15:39','$2,203.20 ',4291129,56852),
	(887,'2021-12-30 00:00:00','15:53','1:55','$237.10 ',2769160,56853),
	(892,'2021-05-25 00:00:00','8:37','21:23','$400.07 ',1728678,56854),
	(897,'2021-05-25 00:00:00','23:07','17:16','$2,033.58 ',3065099,56855),
	(902,'2021-05-28 00:00:00','17:35','23:44','$705.48 ',4950051,56856),
	(907,'2021-05-28 00:00:00','13:00','21:02','$627.24 ',3285850,56857),
	(912,'2022-02-15 00:00:00','1:07','13:15','$594.60 ',1965763,56858),
	(917,'2021-05-25 00:00:00','9:35','21:41','$649.20 ',7880268,56859),
	(922,'2021-02-20 00:00:00','9:32','2:25','$2,288.84 ',1886989,56860),
	(927,'2021-02-20 00:00:00','17:08','5:03','$1,512.71 ',7871751,56861),
	(932,'2021-07-20 00:00:00','17:31','22:46','$1,390.39 ',8047997,56862),
	(937,'2021-07-20 00:00:00','0:18','19:22','$1,785.01 ',5457543,56863),
	(942,'2021-05-25 00:00:00','12:39','22:13','$599.58 ',7913715,56864),
	(947,'2021-06-27 00:00:00','0:24','15:49','$1,499.05 ',6413101,56865),
	(952,'2021-06-27 00:00:00','0:14','18:26','$1,772.45 ',8949545,56866),
	(957,'2021-07-21 00:00:00','7:01','21:35','$2,082.45 ',4504534,56867),
	(962,'2022-02-15 00:00:00','22:38','2:52','$723.09 ',7023271,56868),
	(967,'2022-02-15 00:00:00','23:17','2:03','$2,140.00 ',2061717,56869),
	(972,'2021-07-21 00:00:00','19:27','2:21','$1,447.25 ',3393678,56870),
	(977,'2022-04-19 00:00:00','13:05','19:48','$2,133.68 ',3515297,56871),
	(982,'2021-09-24 00:00:00','16:21','12:24','$1,598.14 ',4184880,56872),
	(987,'2021-07-23 00:00:00','15:33','1:04','$609.36 ',6841008,56873),
	(992,'2021-12-23 00:00:00','13:54','18:47','$278.20 ',6261857,56874),
	(997,'2021-12-23 00:00:00','18:34','3:44','$1,595.51 ',1484286,56875),
	(1002,'2021-09-24 00:00:00','8:24','3:26','$1,362.85 ',5472324,56876),
	(1007,'2022-01-19 00:00:00','20:46','15:20','$1,643.34 ',5968196,56877),
	(1012,'2022-11-22 00:00:00','8:29','11:28','$247.72 ',6708800,56878),
	(1017,'2021-05-24 00:00:00','13:07','14:08','$857.37 ',3667730,56879),
	(1022,'2021-11-19 00:00:00','21:17','6:16','$754.23 ',2969445,56880),
	(1027,'2022-11-22 00:00:00','14:23','15:57','$1,446.89 ',5740636,56881),
	(1032,'2021-02-22 00:00:00','1:01','14:38','$1,072.23 ',9744488,56882),
	(1037,'2021-11-16 00:00:00','8:46','11:32','$2,257.13 ',8712297,56883),
	(1042,'2022-11-23 00:00:00','13:41','13:21','$254.36 ',9260785,56884),
	(1047,'2022-07-22 00:00:00','15:38','2:43','$791.17 ',1823169,56885),
	(1052,'2021-11-19 00:00:00','13:03','16:33','$74.10 ',8847524,56886),
	(1057,'2022-06-16 00:00:00','19:15','22:37','$389.02 ',5800323,56887),
	(1062,'2021-04-22 00:00:00','5:18','3:55','$675.54 ',4736823,56888),
	(1067,'2021-08-29 00:00:00','21:38','1:28','$1,739.07 ',6261857,56889),
	(1072,'2022-11-23 00:00:00','22:58','18:13','$1,003.94 ',1484286,56890),
	(1077,'2022-10-17 00:00:00','6:49','19:06','$2,316.07 ',5472324,56891),
	(1082,'2021-11-20 00:00:00','11:06','7:57','$239.00 ',5968196,56892),
	(1087,'2021-12-15 00:00:00','6:06','9:11','$1,156.26 ',6708800,56893),
	(1092,'2021-12-15 00:00:00','11:04','15:41','$557.41 ',3667730,56894),
	(1097,'2022-10-16 00:00:00','1:49','12:34','$49.88 ',2969445,56895),
	(1102,'2022-10-16 00:00:00','1:49','7:26','$252.55 ',5740636,56896),
	(1107,'2022-04-20 00:00:00','7:58','14:39','$1,339.02 ',9744488,56897),
	(1112,'2021-12-15 00:00:00','8:20','4:39','$1,278.69 ',8712297,56898),
	(1117,'2022-04-20 00:00:00','11:11','22:22','$300.93 ',9260785,56899),
	(1122,'2022-07-18 00:00:00','3:03','5:00','$2,239.31 ',2720977,56900),
	(1127,'2021-02-20 00:00:00','0:14','4:08','$630.28 ',5903235,56901),
	(1132,'2021-07-24 00:00:00','12:56','8:45','$14.07 ',4435470,56902),
	(1137,'2021-11-27 00:00:00','1:03','13:34','$1,881.42 ',9998556,56903),
	(1142,'2022-01-25 00:00:00','7:14','21:14','$1,436.98 ',5630322,56904),
	(1147,'2022-01-15 00:00:00','13:19','23:24','$657.85 ',8565961,56905),
	(1152,'2022-03-31 00:00:00','17:05','18:30','$374.55 ',4291129,56906),
	(1157,'2021-07-24 00:00:00','8:56','5:17','$759.25 ',2769160,56907),
	(1162,'2021-11-22 00:00:00','8:28','6:41','$1,665.73 ',1728678,56908),
	(1167,'2022-10-20 00:00:00','15:25','6:31','$2,056.38 ',3065099,56909),
	(1172,'2021-03-27 00:00:00','6:04','15:17','$1,925.65 ',4950051,56910),
	(1177,'2022-10-20 00:00:00','9:09','21:16','$205.24 ',3285850,56911),
	(1182,'2022-10-20 00:00:00','2:14','22:44','$437.57 ',1965763,56912),
	(1187,'2022-09-19 00:00:00','9:39','13:31','$168.09 ',7880268,56913),
	(1192,'2022-09-19 00:00:00','8:37','14:30','$1,672.19 ',1886989,56914),
	(1197,'2022-01-15 00:00:00','1:16','4:02','$1,797.26 ',7871751,56915),
	(1202,'2022-01-14 00:00:00','15:22','18:46','$1,181.63 ',8047997,56916),
	(1207,'2022-01-14 00:00:00','2:01','12:11','$284.31 ',5457543,56917),
	(1212,'2021-04-25 00:00:00','18:56','14:58','$299.73 ',7913715,56918),
	(1217,'2022-01-14 00:00:00','12:33','12:28','$2,024.45 ',6413101,56919),
	(1222,'2022-01-14 00:00:00','12:35','21:04','$746.76 ',8949545,56920),
	(1227,'2022-08-18 00:00:00','22:18','14:02','$477.12 ',4504534,56921),
	(1232,'2022-08-18 00:00:00','5:38','16:56','$900.32 ',7023271,56922),
	(1237,'2022-08-18 00:00:00','7:04','17:58','$1,078.20 ',2061717,56923),
	(1242,'2021-11-30 00:00:00','2:23','13:48','$1,433.90 ',3393678,56924),
	(1247,'2021-11-30 00:00:00','9:56','16:09','$2,207.20 ',3515297,56925),
	(1252,'2021-05-22 00:00:00','3:48','13:36','$1,433.41 ',4184880,56926),
	(1257,'2021-12-24 00:00:00','6:55','12:12','$607.34 ',6841008,56927),
	(1262,'2021-05-22 00:00:00','1:04','15:11','$277.94 ',6413101,56928),
	(1267,'2021-05-13 00:00:00','21:42','16:59','$917.02 ',8949545,56929),
	(1272,'2021-10-18 00:00:00','5:53','15:43','$823.90 ',4504534,56930),
	(1277,'2021-11-30 00:00:00','21:01','15:51','$2,032.83 ',7023271,56931),
	(1282,'2021-05-22 00:00:00','1:10','3:20','$2,227.86 ',2061717,56932),
	(1287,'2021-11-13 00:00:00','10:40','11:29','$447.04 ',3393678,56933),
	(1292,'2022-11-13 00:00:00','13:18','17:38','$301.80 ',3515297,56934),
	(1297,'2021-05-22 00:00:00','0:11','14:50','$882.82 ',4184880,56935),
	(1302,'2021-07-18 00:00:00','11:25','22:08','$1,793.16 ',6841008,56936),
	(1307,'2022-09-20 00:00:00','9:05','15:33','$596.23 ',7023271,56937),
	(1312,'2021-05-22 00:00:00','19:54','14:50','$1,406.80 ',2061717,56938),
	(1317,'2022-03-26 00:00:00','21:10','1:51','$853.44 ',3393678,56939),
	(1322,'2022-09-20 00:00:00','12:03','1:20','$2,066.26 ',8949545,56940),
	(1327,'2021-07-18 00:00:00','20:57','20:29','$829.48 ',4504534,56941),
	(1332,'2021-10-24 00:00:00','8:04','18:36','$475.64 ',7023271,56942),
	(1337,'2022-03-30 00:00:00','14:40','18:21','$618.92 ',2061717,56943),
	(1342,'2022-05-25 00:00:00','16:14','12:21','$255.96 ',3393678,56944),
	(1347,'2022-03-30 00:00:00','0:35','11:13','$1,961.73 ',3515297,56945),
	(1352,'2021-07-18 00:00:00','9:51','7:47','$535.57 ',4184880,56946),
	(1357,'2022-08-24 00:00:00','15:23','3:40','$16.22 ',6841008,56947),
	(1362,'2021-06-27 00:00:00','22:53','14:29','$392.87 ',7023271,56948),
	(1367,'2021-05-26 00:00:00','7:59','23:50','$1,022.19 ',2061717,56949),
	(1372,'2021-05-22 00:00:00','13:09','23:17','$1,892.11 ',3393678,56950),
	(1377,'2022-05-25 00:00:00','0:39','20:32','$1,475.20 ',5219397,56951),
	(1382,'2021-06-27 00:00:00','13:03','0:18','$2,325.66 ',6520923,56952),
	(1387,'2022-06-15 00:00:00','23:34','13:19','$328.42 ',6757340,56953),
	(1392,'2022-01-17 00:00:00','3:26','17:32','$907.61 ',2720977,56954),
	(1397,'2022-06-15 00:00:00','4:15','23:41','$774.17 ',5903235,56955),
	(1402,'2021-06-27 00:00:00','2:52','15:44','$1,859.30 ',4435470,56956),
	(1407,'2021-05-26 00:00:00','18:25','6:34','$2,023.67 ',9998556,56957),
	(1412,'2021-05-22 00:00:00','15:02','12:18','$226.96 ',5630322,56958),
	(1417,'2022-01-17 00:00:00','16:21','15:07','$231.52 ',8565961,56959),
	(1422,'2022-01-17 00:00:00','11:17','19:55','$1,508.97 ',4291129,56960),
	(1427,'2021-11-24 00:00:00','3:46','4:50','$2,115.01 ',2769160,56961),
	(1432,'2021-02-24 00:00:00','22:56','9:21','$2,375.24 ',1728678,56962),
	(1437,'2021-09-24 00:00:00','7:33','8:12','$1,045.86 ',3065099,56963),
	(1442,'2021-09-24 00:00:00','4:15','0:50','$1,091.29 ',4950051,56964),
	(1447,'2022-04-30 00:00:00','7:25','4:35','$1,134.08 ',3285850,56965),
	(1452,'2022-07-25 00:00:00','19:20','19:55','$1,729.42 ',1965763,56966);
    SET SQL_SAFE_UPDATES = 0;
    DELETE FROM BUILDING;
    INSERT INTO BUILDING VALUES (61307,'eget ipsum.',653),
	(82172,'lacinia vitae',982),
	(76553,'consectetuer',558),
	(82595,'mus Proin',178),
	(68722,'Etiam gravida',661),
	(86049,'Duis mi',921),
	(67102,'ornare elit',608),
	(89715,'rutrum Fusce',305),
	(79449,'porttitor',308),
	(85761,'vulputate eu',272),
	(58993,'Nam ac',775),
	(61162,'Etiam gravida',950),
	(100931,'dis parturient',638),
	(89933,'consectetuer',380),
	(94904,'velvenenatis',498),
	(10538,'semNulla',286),
	(82322,'consequaT',881),
	(97825,'dolor elit',408),
	(75219,'tortornibh',593),
	(65713,'sagittis Nullam',196),
	(96866,'pharetra ut',386),
	(90448,'laoreet lectus',714),
	(66723,'dictum',467),
	(80025,'Integer',279),
	(58545,'scelerisque dui',183),
	(92317,'tempus mauris',194),
	(61714,'porttitor',181),
	(89665,'Aenean gravida',465),
	(96100,'tempuslorem',478),
	(59089,'blandit mattis.',668),
	(95226,'dolorFusce',751),
	(67518,'magnaa',696),
	(10269,'volutpatNulla',120),
	(65396,'urna, nec',415),
	(78130,'dui augue',969),
	(74610,'Morbi non',138),
	(73901,'malesuada ',829),
	(73005,'purus',997),
	(84373,'a sollicitudin',133),
	(91241,'Nulla aliquet',501),
	(96978,'Donec',199),
	(64059,'arcu. Morbi',550),
	(86941,'tellus imperdiet',603),
	(91987,'Suspendisse',145),
	(88376,'sagittis placerat',427),
	(70173,'Nulla eget',540),
	(92561,'cursus vestibulum',371),
	(88093,'mauris. Integer',392),
	(10255,'eget metus',470),
	(83070,'Cras dictum',720),
	(77379,'massa Quisque',418),
	(10106,'accumsan',867),
	(76715,'nonummy Fusce',642),
	(10018,'Donec est',960),
	(71116,'Morbi metus.',755),
	(78797,'tempor augue',453),
	(85462,'Morbi quis',912),
	(96045,'sed dictum',716),
	(70313,'imperdiet ornare',709),
	(83959,'ut erat',742),
	(71911,'tristique aliquet',557),
	(90791,'risus Morbi',293),
	(69255,'et risus',193),
	(66028,'dolor Fusce',158),
	(98472,'nec ante',986),
	(83149,'ullamcorper',896),
	(64958,'tempor arcu',409),
	(77144,'Sed eget',918),
	(93300,'Quisque purus',789),
	(71069,'vel turpis',789),
	(10050,'vestibulumneque',789),
	(10094,'magnaNam',789),
	(63767,'ipsumPhasellus',789),
	(10375,'sit amet',789),
	(65107,'pede Cum',789),
	(99833,'neque tellus',789),
	(10435,'tincidunt vehicula',789),
	(69791,'Donec dignissim',789),
	(94725,'Maecenas mi',789),
	(98765,'Duis sit',789),
	(72962,'egestas Aliquam',789),
	(61775,'eleifend',789),
	(89415,'vulputate eu',789),
	(76538,'ullamcorper, nisl',789),
	(96040,'aliquet vel',789),
	(77925,'duiCras',789),
	(90788,'sed pede',789),
	(69461,'volutpat ornare',377),
	(10447,'ligulaAenean',521),
	(81439,'cursus',961),
	(90282,'Nullam vitae',610),
	(73968,'fames ac',535),
	(10027,'vestibulum',743),
	(61821,'porttitor eros',276),
	(10371,'Vivamus nibh',356),
	(84198,'felis',209),
	(74627,'lectus quis',293),
	(71559,'neque tellus',653),
	(68297,'id enim.',137),
	(87443,'risus at',982),
	(79078,'ac mattis',558),
	(71441,'Phasellus in',178),
	(99323,'vulputatelacus',661),
	(71774,'parturient montes',921),
	(73157,'nonummy ',608),
	(10064,'Suspendisse aliquet',305),
	(62396,'rhoncus id',308),
	(10053,'Ut semper',272),
	(73322,'lectus justo',775),
	(68487,'Pellentesque tincidunt',272),
	(85056,'commodo at',775),
	(60220,'commodo hendrerit',950),
	(71915,'a, auctor',638),
	(67648,'augue eu',380),
	(84142,'ante ipsum',498),
	(87558,'pharetra sed,',286),
	(66088,'Nullatincidunt',881),
	(87129,'tincidunt',408),
	(69891,'adipiscing ligula.',593),
	(66244,'risus Donec',196),
	(98679,'sed libero',386),
	(94931,'turpis nec',714),
	(76772,'Aenean eget',467),
	(63794,'imperdiet non',279),
	(90405,'eget lacus',183),
	(10363,'egestas Aliquam',194),
	(68101,'lorem eu',181),
	(63741,'egestas Sed',478),
	(10539,'sodales purus,',668),
	(86888,'justo Proin',668),
	(77161,'egestas nunc',696),
	(59813,'est vitae',120),
	(61519,'augue scelerisque',415),
	(99220,'Donec est',969),
	(94545,'scelerisque, lorem',138),
	(10456,'fringilla porttitor',829),
	(98846,'lorem tristique',997),
	(92221,'vulputate eu',133),
	(62180,'amet lorem',501),
	(88488,'non hendrerit',199),
	(65612,'enim consequat',550),
	(88272,'et magnis',603),
	(74844,'est Nunc',145),
	(89438,'tempor augue',427),
	(71338,'quis diam',540),
	(80048,'sapien imperdiet',371),
	(86405,'porttitor interdum',392),
	(79672,'Maecenas mi',470),
	(67959,'tincidunt pede',720),
	(97159,'nec tellus.',418),
	(81211,'et magnis',867),
	(87964,'lacinia mattis',642),
	(61397,'sem Pellentesque',960),
	(86671,'mi Duis',755),
	(71814,'eget odio',453),
	(63417,'nascetur ridiculus',912),
	(83481,'sodales at',716),
	(65537,'sed dictum',709),
	(68816,'non, dapibus',742),
	(102638,'luctus aliquet',557),
	(90385,'vel arcu',293),
	(90856,'erat Etiam',193),
	(61655,'pede ultrices',158),
	(62562,'Donec fringilla',986),
	(65720,'ridiculus mus',896),
	(81737,'enim Etiam',409),
	(68204,'ac ipsum',918),
	(75043,'ultricies adipiscing',789),
	(95639,'velit egestas',899),
	(63210,'ultricies adipiscing',472),
	(61043,'ac mi',776),
	(85484,'Cum sociis',141),
	(81055,'dolor empus',127),
	(78253,'cursus luctus',632),
	(65852,'amet dapibus',431),
	(93430,'facilisimagna',904),
	(77107,'erat eget',357),
	(68553,'arcu. Aliquam',176),
	(88196,'vestibulum massa',327),
	(88531,'vel, faucibus',208),
	(93586,'Fusce diam',568),
	(10336,'enim nec',883),
	(79307,'consectetuer, cursus',433),
	(90402,'auctor quis',596),
	(76971,'Curabitur sed',363),
	(10259,'mi tempor',374),
	(93896,'ipsum primis',377),
	(58625,'per conubia',521),
	(63072,'a nequ',961),
	(76747,'ipsudolor',610),
	(69843,'ridiculus mus',535),
	(62513,'libero. Donec',743),
	(74738,'penatibus et',276),
	(94954,'felis orci',356),
	(85186,'Donec tincidunt',209),
	(101737,'luctus sit',293),
	(104602,'cursus non',836),
	(59090,'ornare sagittis',214);
    
INSERT INTO ROOM VALUES ('#c22','Accelerated Meeting Space',1,'Printers',2,'Available',61307),
	('#fb9','Professional/Private',1,'Printers',15,'Available',82172),
	('#4af','Industry-Specific',1,'FAX Handling',5,'Booked',76553),
	('#7c0','Industry-Specific',2,'Projector',10,'Available',82595),
	('#b20','Accelerated Meeting Space',2,'Food',15,'Available',68722),
	('#f03','High-End',2,'Digital Equipment',20,'Booked',86049),
	('#3d5','Conventional/Open',3,'FAX Handling',1,'Booked',67102),
	('#3c2','High-End',3,'Digital Equipment',20,'Booked',89715),
	('#d5b','Industry-Specific',3,'Projector',20,'Booked',79449),
	('#7ac','Shared Space',4,'Digital Equipment',1,'Booked',85761),
	('#5c9','High-End',4,'Digital Equipment',20,'Booked',58993),
	('#16c','Industry-Specific',4,'Food',10,'Available',61162),
	('#111','Professional/Private',5,'Food',20,'Available',100931),
	('#920','Shared Space',5,'FAX Handling',15,'Available',89933),
	('#99b','Industry-Specific',5,'Mail Handling',1,'Booked',94904),
	('#274','Accelerated Meeting Space',6,'Mail Handling',1,'Booked',10538),
	('#131','Conventional/Open',6,'FAX Handling',15,'Booked',82322),
	('#ea4','Accelerated Meeting Space',6,'Printers',10,'Available',97825),
	('#31f','Industry-Specific',7,'Printers',5,'Booked',75219),
	('#f27','Accelerated Meeting Space',7,'Mail Handling',5,'Booked',65713),
	('#cf1','High-End',7,'Printers',2,'Booked',96866),
	('#9eb','Conventional/Open',8,'Mail Handling',15,'Available',90448),
	('#b89','Accelerated Meeting Space',8,'Digital Equipment',1,'Booked',66723),
	('#c5e','Accelerated Meeting Space',8,'FAX Handling',15,'Booked',80025),
	('#680','Accelerated Meeting Space',1,'Food',2,'Available',58545),
	('#a6b','Professional/Private',1,'Food',15,'Booked',92317),
	('#a39','Conventional/Open',1,'Mail Handling',20,'Available',61714),
	('#8de','Accelerated Meeting Space',2,'Food',15,'Available',89665),
	('#bfc','Professional/Private',2,'Digital Equipment',10,'Booked',96100),
	('#c0d','High-End',2,'Food',20,'Booked',59089),
	('#f38','Professional/Private',3,'Projector',15,'Available',95226),
	('#cd2','High-End',3,'FAX Handling',1,'Available',67518),
	('#d70','Professional/Private',3,'Mail Handling',5,'Available',10269),
	('#570','Shared Space',4,'Digital Equipment',15,'Available',65396),
	('#375','High-End',4,'FAX Handling',10,'Booked',78130),
	('#573','High-End',4,'FAX Handling',15,'Available',94904),
	('#f31','Professional/Private',5,'FAX Handling',5,'Available',10538),
	('#0f0','High-End',5,'Digital Equipment',10,'Booked',82322),
	('#9c1','Conventional/Open',5,'Digital Equipment',20,'Booked',97825),
	('#165','Professional/Private',6,'Digital Equipment',20,'Booked',75219),
	('#4b0','Industry-Specific',6,'Projector',1,'Available',65713),
	('#1e7','Shared Space',6,'Projector',10,'Available',96866),
	('#06f','Shared Space',7,'FAX Handling',5,'Booked',90448),
	('#555','Shared Space',7,'Digital Equipment',2,'Booked',66723),
	('#8d2','Industry-Specific',7,'Printers',5,'Booked',80025),
	('#871','Professional/Private',8,'Printers',10,'Booked',58545),
	('#1fd','Accelerated Meeting Space',8,'Digital Equipment',1,'Available',92317),
	('#8ed','Industry-Specific',8,'FAX Handling',10,'Available',61714),
	('#7fc','Conventional/Open',1,'Projector',20,'Available',94904),
	('#c86','Accelerated Meeting Space',1,'Projector',10,'Available',10538),
	('#f98','Accelerated Meeting Space',1,'Food',5,'Available',82322),
	('#0d9','Industry-Specific',2,'Digital Equipment',15,'Available',97825),
	('#16f','Accelerated Meeting Space',2,'Food',1,'Available',75219),
	('#616','Accelerated Meeting Space',2,'Projector',20,'Booked',65713),
	('#c60','High-End',3,'FAX Handling',1,'Available',96866),
	('#d78','Shared Space',3,'FAX Handling',20,'Available',90448),
	('#750','Industry-Specific',3,'Mail Handling',1,'Available',66723),
	('#151','Accelerated Meeting Space',4,'Digital Equipment',20,'Booked',80025),
	('#dd8','Industry-Specific',4,'Mail Handling',2,'Booked',58545),
	('#6e3','Industry-Specific',4,'Printers',20,'Available',92317),
	('#7d1','Conventional/Open',5,'Projector',2,'Available',61714),
	('#6f3','High-End',5,'Digital Equipment',20,'Booked',94904),
	('#40d','Industry-Specific',5,'FAX Handling',1,'Booked',69255),
	('#ac5','Shared Space',6,'Mail Handling',15,'Available',66028),
	('#152','Shared Space',6,'Mail Handling',20,'Available',98472),
	('#744','Accelerated Meeting Space',6,'Printers',10,'Available',83149),
	('#70f','Industry-Specific',7,'Printers',20,'Available',64958),
	('#044','Accelerated Meeting Space',7,'Mail Handling',20,'Booked',77144),
	('#09d','Industry-Specific',7,'FAX Handling',2,'Booked',93300),
	('#ddd','High-End',8,'Projector',20,'Booked',71069),
	('#863','Industry-Specific',8,'Mail Handling',5,'Available',10050),
	('#617','Professional/Private',8,'Projector',20,'Booked',10094),
	('#8a2','High-End',1,'Projector',15,'Booked',63767),
	('#5e7','Accelerated Meeting Space',1,'FAX Handling',10,'Booked',10375),
	('#d1e','Conventional/Open',1,'Printers',5,'Available',65107),
	('#3ae','Conventional/Open',2,'Printers',5,'Available',99833),
	('#b8f','Industry-Specific',2,'Projector',5,'Booked',10435),
	('#689','Shared Space',2,'Digital Equipment',5,'Booked',69791),
	('#ad3','Conventional/Open',3,'Food',20,'Available',94725),
	('#e3e','High-End',3,'Printers',2,'Available',94904),
	('#a8a','Conventional/Open',3,'Food',15,'Available',10538),
	('#999','Professional/Private',4,'Mail Handling',2,'Booked',82322),
	('#60b','Conventional/Open',4,'Mail Handling',15,'Available',97825),
	('#f95','High-End',4,'FAX Handling',2,'Available',75219),
	('#ee7','Conventional/Open',5,'FAX Handling',1,'Available',65713),
	('#675','Shared Space',5,'Mail Handling',2,'Booked',96866),
	('#375','High-End',5,'Mail Handling',15,'Available',90448),
	('#e20','Conventional/Open',6,'Digital Equipment',10,'Booked',66723),
	('#4d6','Accelerated Meeting Space',6,'FAX Handling',15,'Available',80025),
	('#675','Conventional/Open',6,'FAX Handling',20,'Booked',58545),
	('#42c','Industry-Specific',7,'Digital Equipment',10,'Available',92317),
	('#ba7','Conventional/Open',7,'Mail Handling',20,'Booked',61714),
	('#b6d','Accelerated Meeting Space',7,'Mail Handling',20,'Booked',10027),
	('#058','High-End',8,'Digital Equipment',20,'Available',61821),
	('#ed5','High-End',8,'Mail Handling',2,'Available',10371),
	('#ce0','Shared Space',8,'Mail Handling',15,'Available',84198),
	('#206','Professional/Private',1,'Digital Equipment',15,'Available',74627),
	('#c0b','Accelerated Meeting Space',1,'Food',5,'Booked',71559),
	('#1fe','Shared Space',1,'Mail Handling',5,'Booked',68297),
	('#3e4','Industry-Specific',2,'Projector',1,'Available',87443),
	('#12c','High-End',2,'Projector',1,'Booked',79078),
	('#c69','Industry-Specific',2,'FAX Handling',10,'Available',71441),
	('#36f','Conventional/Open',3,'Food',2,'Booked',99323),
	('#e7e','Shared Space',3,'Food',5,'Booked',71774),
	('#c1b','Conventional/Open',3,'FAX Handling',15,'Available',73157),
	('#f93','Professional/Private',4,'Food',10,'Booked',10064),
	('#d97','Accelerated Meeting Space',4,'Food',1,'Available',62396),
	('#b38','Industry-Specific',4,'FAX Handling',1,'Booked',10053),
	('#3a7','Conventional/Open',5,'Projector',20,'Available',73322),
	('#8db','High-End',5,'FAX Handling',1,'Available',68487),
	('#b8e','Industry-Specific',5,'Food',1,'Booked',85056),
	('#6a5','Professional/Private',6,'Digital Equipment',20,'Booked',60220),
	('#bf9','Industry-Specific',6,'Projector',1,'Available',71915),
	('#5f5','Industry-Specific',6,'Projector',2,'Available',67648),
	('#e00','Conventional/Open',7,'Projector',2,'Available',84142),
	('#0e5','Accelerated Meeting Space',7,'Projector',20,'Booked',68297),
	('#be7','Shared Space',7,'Projector',2,'Booked',87443),
	('#3c1','Conventional/Open',8,'Projector',15,'Available',79078),
	('#c5d','High-End',8,'Digital Equipment',5,'Available',71441),
	('#917','Professional/Private',8,'Mail Handling',20,'Booked',99323),
	('#84e','Accelerated Meeting Space',1,'Projector',5,'Available',71774),
	('#89d','Professional/Private',1,'FAX Handling',15,'Booked',73157),
	('#9b5','Industry-Specific',1,'Digital Equipment',20,'Booked',76772),
	('#82b','Professional/Private',2,'FAX Handling',5,'Booked',63794),
	('#259','Professional/Private',2,'FAX Handling',5,'Booked',90405),
	('#5be','Accelerated Meeting Space',2,'Food',10,'Booked',10363),
	('#3d0','High-End',3,'Digital Equipment',5,'Booked',68101),
	('#36c','Conventional/Open',3,'Mail Handling',10,'Booked',63741),
	('#984','High-End',3,'Digital Equipment',1,'Available',10539),
	('#d81','Accelerated Meeting Space',4,'Food',5,'Available',68297),
	('#854','High-End',4,'FAX Handling',20,'Available',87443),
	('#d17','Professional/Private',4,'Printers',20,'Booked',79078),
	('#3e3','Conventional/Open',5,'FAX Handling',1,'Available',71441),
	('#50e','Shared Space',5,'FAX Handling',1,'Booked',99323),
	('#dad','Conventional/Open',5,'FAX Handling',20,'Booked',71774),
	('#875','High-End',6,'Digital Equipment',15,'Available',73157),
	('#c2b','Conventional/Open',6,'Mail Handling',20,'Booked',10064),
	('#417','Industry-Specific',6,'Mail Handling',15,'Available',62396),
	('#270','Shared Space',7,'FAX Handling',2,'Available',62180),
	('#69f','Conventional/Open',7,'Projector',5,'Booked',88488),
	('#f14','Shared Space',7,'Mail Handling',20,'Available',65612),
	('#891','High-End',8,'Food',20,'Available',88272),
	('#e2a','Conventional/Open',8,'Food',2,'Available',74844),
	('#543','Professional/Private',8,'Mail Handling',1,'Booked',89438),
	('#c3c','Professional/Private',1,'Projector',5,'Booked',71338),
	('#f2f','Shared Space',1,'FAX Handling',5,'Available',80048),
	('#7c9','Industry-Specific',1,'FAX Handling',15,'Booked',86405),
	('#6cc','Professional/Private',2,'Mail Handling',20,'Booked',79672),
	('#a83','Accelerated Meeting Space',2,'Digital Equipment',5,'Available',67959),
	('#e37','Accelerated Meeting Space',2,'Food',20,'Booked',97159),
	('#233','Professional/Private',3,'Printers',1,'Available',81211),
	('#b20','Industry-Specific',3,'Food',5,'Booked',87964),
	('#996','Shared Space',3,'Printers',2,'Booked',61397),
	('#a0e','Conventional/Open',4,'Digital Equipment',20,'Available',86671),
	('#e96','High-End',4,'Mail Handling',20,'Booked',71814),
	('#b17','Professional/Private',4,'Printers',2,'Booked',63417),
	('#eb5','Industry-Specific',5,'Projector',15,'Available',83481),
	('#ddc','Professional/Private',5,'Food',15,'Available',65537),
	('#80b','Accelerated Meeting Space',5,'FAX Handling',10,'Available',68816),
	('#3a8','Professional/Private',6,'Projector',15,'Available',102638),
	('#2b0','Industry-Specific',6,'Printers',10,'Available',90385),
	('#159','Conventional/Open',6,'Mail Handling',1,'Available',90856),
	('#f7c','Professional/Private',7,'Digital Equipment',15,'Available',61655),
	('#b01','Conventional/Open',7,'Projector',10,'Available',62562),
	('#e92','Shared Space',7,'Mail Handling',20,'Available',65720),
	('#3f7','Industry-Specific',8,'Printers',2,'Booked',81737),
	('#ff2','Professional/Private',8,'Projector',20,'Available',68204),
	('#e16','Conventional/Open',8,'Food',15,'Available',75043),
	('#e66','Industry-Specific',1,'Printers',1,'Booked',95639),
	('#743','High-End',1,'Mail Handling',5,'Available',63210),
	('#bc6','High-End',1,'Printers',15,'Booked',61043),
	('#914','Shared Space',2,'FAX Handling',15,'Available',85484),
	('#95d','High-End',2,'Mail Handling',1,'Available',81055),
	('#d6d','High-End',2,'Digital Equipment',5,'Available',78253),
	('#e22','Shared Space',3,'Printers',10,'Available',65852),
	('#2d2','Shared Space',3,'Printers',2,'Booked',93430),
	('#311','Shared Space',3,'Mail Handling',15,'Available',77107),
	('#8c2','Conventional/Open',4,'Food',10,'Available',68297),
	('#b7a','Accelerated Meeting Space',4,'Projector',20,'Available',87443),
	('#3fb','Conventional/Open',4,'Mail Handling',20,'Booked',79078),
	('#7ce','Conventional/Open',5,'Food',2,'Available',71441),
	('#7b9','Professional/Private',5,'Projector',15,'Available',99323),
	('#f09','Conventional/Open',5,'Food',1,'Booked',71774),
	('#bc4','Accelerated Meeting Space',6,'Printers',2,'Available',73157),
	('#056','Professional/Private',6,'Mail Handling',10,'Booked',10064),
	('#11f','Industry-Specific',6,'Projector',20,'Booked',62396),
	('#9eb','Conventional/Open',7,'Projector',10,'Available',10053),
	('#353','Professional/Private',7,'FAX Handling',15,'Booked',73322),
	('#0a4','High-End',7,'Printers',2,'Available',68297),
	('#8cb','Industry-Specific',8,'Food',5,'Available',76747),
	('#9c8','Professional/Private',8,'Printers',1,'Booked',69843),
	('#9e3','High-End',8,'Mail Handling',20,'Booked',68297),
	('#638','Professional/Private',1,'Mail Handling',20,'Booked',87443),
	('#5ee','Industry-Specific',1,'Mail Handling',2,'Booked',79078),
	('#941','Professional/Private',1,'Food',10,'Booked',71441),
	('#515','Accelerated Meeting Space',2,'FAX Handling',2,'Available',99323),
	('#b8e','Shared Space',2,'Mail Handling',2,'Available',104602),
	('#baa','Accelerated Meeting Space',2,'Printers',2,'Booked',59090),
	('#946','Professional/Private',3,'Food',2,'Booked',61307),
	('#106','Conventional/Open',3,'Digital Equipment',15,'Booked',82172);

